tweet_id,doc,text
1575914563886727169,doc_25,"#Biden says the US and its allies are not afraid of #Putin, would defend every inch of #NATO territory 
#Ukraine-#UkraineRussianWar -#UkraineWar -#UkraineRussiaWar-#Russian https://t.co/Dbg1sFbXmI"
1575912627796029440,doc_42,"Something big happening currently 

#Russia #Ukraine #UkraineRussiaWar https://t.co/J02hCwvvmo"
1575909339994279936,doc_76,"ğŸ‡ºğŸ‡¦ ğŸ‡·ğŸ‡º   
(NSFW) Freshly Released Footage From The Battle Of Mariupol
Footage released by Mykola ""Frostovik"" Kushch, a member of the Azov Battalion who was sentenced to death by Russian forces.

#Ukraine #Russia #war #putin  #kharkiv #UkraineRussiaWar  #kyiv #NATO https://t.co/pvpJCOIubJ"
1575908958438506496,doc_83,Will #NATO accept #Ukraine as a new member and face directly #Russia as an enemy against the #West ? Difficult situation! #UkraineRussiaWar
1575898887792926720,doc_185,Russia's annexation of parts of Ukraine and its subsequent diplomacy should  be met with silence.  Stay the course.  #UkraineWar #UkraineRussiaWar
1575898851378343936,doc_186,"ğŸ”¥ğŸ¤¦â€â™‚ï¸ğŸ‡ºğŸ‡¦ Torture chamber found in liberated #vovchansk  â€“ inhuman conditions prayers on the walls of cells ~ forensic scientists, explosives technicians, detectives and prosecutors conduct an investigation  ~

#Ukraine #UkraineRussiaWar #Europe #RussiaWarCrimes #news #USA #New https://t.co/Xre3nPtQQZ"
1575897463046578177,doc_201,"#UkraineRussiaWar #EuropeanEnergyCrisis
#Sabotage in the #Baltic: #Attacks Expose #Vulnerability of #European #Infrastructure 
ğŸ‡ºğŸ‡¦ğŸ’¥ğŸª†ğŸ‡ªğŸ‡ºğŸª«ğŸŒŠğŸ¥·ğŸ’¡ğŸŒ©ï¸ğŸš¨âš ï¸
https://t.co/91DuSEbjZc via @derspiegel"
1575895420370550784,doc_215,"@DmytroKuleba , branding the Nato symbol on his arm , he must know something , we dont . #Ukraine #Russia #EuropeanUnion #ZelenskyWarCriminal #Biden #UkraineRussiaWar https://t.co/IDIG8XqReh"
1575889907184041984,doc_255,"Merkel was wrong then, she is still wrong now. #UkraineRussiaWar"
1575880067099480064,doc_321,"Kremlin: Attack on annexed territory will be an attack on Russia 

#Ukraine-#UkraineRussianWar -#UkraineWar -#UkraineRussiaWar-#Russian  
https://t.co/7PDmd30EDB"
1575867469469601793,doc_373,"Thread
#Ukraine  #UkraineRussiaWar #UkraineUnderAttack #UkraineWarNews https://t.co/ZN5DLZ1kFe"
1575864680630714368,doc_396,"3o/9
ğŸ‡ºğŸ‡²ğŸ‡ºğŸ‡¦âš¡ï¸ğŸ‡·ğŸ‡ºğŸ”¥
The USA reacts and will give weapons to Ukraine so that it returns all its territories â€” Biden.

#Ukraine #Ukrainian #UkraineKrieg #UkraineWar #UkraineRussiaWar #stopPutin #UkraineCounterOffensive #Donbass #Kherson #NATO #Europe #USA https://t.co/pCNkbAqlbw"
1575844904449675264,doc_517,"âš¡ï¸Zarichne is left deliberately opened as a way out to Russians.
This does not mean they will be allowed to escape. Russians must believe there is a road to safety, and thus prevent fight with the courage of despair.
https://t.co/aRQwsKH2nL

#UkraineRussiaWar #UkraineWar #Ukraine https://t.co/i9C2wjQZSL"
1575840695361089537,doc_548,"Russian POW : ""I didn't know were I was being sent, they told me it was just training."" 
100% he is lying.
#Russian #Russia #Ukraine #Ukrainian #UkraineWar #UkraineRussiaWar #RussiaIsATerroristState https://t.co/uHTlrAR3nv"
1575838152723689472,doc_562,UN Secretary-General Condemns Russian Annexation of Ukrainian Territory - Kyiv Post - Ukraine's Global Voice https://t.co/OQGS1qkE5r #Ukraine  #UkraineRussiaWar #UkraineUnderAttack #UkraineWarNews
1575837173697417217,doc_576,Sham referenda coordinated by Putin's administration - intelligence https://t.co/FQMfIylUKS #Ukraine  #UkraineRussiaWar #UkraineUnderAttack #UkraineWarNews
1575835561981792257,doc_583,"Thread

#Ukraine  #UkraineRussiaWar #UkraineUnderAttack #UkraineWarNews https://t.co/8XXWXnThPy"
1575833555053481985,doc_595,"Hey @NATO don't we have an ICBM close enough to fall into Putler's lap?

#UkraineRussiaWar #russiaisateroriststate"
1575831418063945729,doc_608,"8/8

Reported on the tense situation in the Limansky direction.

https://t.co/9hfZFsph0F

#Lyman #encirclement #UkraineRussiaWar #UkraineWar #Russian"
1575831334660055040,doc_609,"Mur fuck lilek innifsek, Putin!
(Maltese)

#StopPutin #UkraineRussiaWar #PutinWarCrimes #Ukraine"
1575827577687527424,doc_647,"I would like to declare that Mr Putin is mad. I would also like to declare that I have held my own referendum and shall be imminently annexing Moscow following a massive landslide vote
#UkraineRussiaWar #PutinWarCriminal"
1575827103072649216,doc_654,#UkraineRussiaWar Update: Vladimir Putin says people of Ukraine occupied regions are 'our citizens forever' | reported by news agency AFP
1575823478745620480,doc_726,"The Ukrainian defender playing the flute in the trenches.ğŸ’›ğŸ’™
#Ukraine #Ukrainians #UkrainianArmy #UkraineRussiaWar #UkraineWillWin #flute #music #counteroffensive https://t.co/MHA1lDblxw"
1575822935809413120,doc_736,"Putin has arrived! 
#Russia #RussiaInvadedUkraine #Ukraine #UkraineRussiaWar
#BREAKING https://t.co/W0R0Kx7ots"
1575820700719280128,doc_780,Paratroopers from the 95th brigade destroy a Russian tank ğŸ¦… #Ukraine #UkrainianArmy #UkraineRussiaWar #Ukranian #UkraineWarNews #Ukrainian #StandWithUkraine #Russia #russiaisateroriststate #RussiaIsATerroristState #RussiaIsANaziState #SlavaUkrainii https://t.co/NxaEweLdBn
1575814715124895745,doc_861,"#219dayofwar

âš¡People who behave irresponsibly talk about nuclear escalation. We do not want to develop this topic. We urge everyone to behave responsibly - Dmitry Peskov, Kremlin spokesmanâš¡

#UkraineWar #UkraineRussiaWar #Ukraineï¸ #StopRussiaNOW #RussiaIsATerroristState https://t.co/zgZS43C8XH"
1575814230397177856,doc_871,"@JanezLenarcic This is absolutely cruel to categorise the victim and the perpetrators in the same basket. Your failure to tell the truth for what it is is enabling genocide in #Tigray.
Would you say the same in the case of #UkraineRussiaWar? You won't and the reason for that is loude &amp; clear."
1575813822786551808,doc_882,"Ukraine is not better than Russia.
Today they killed 23 people in Rocket attack on a civil convoy.
Although I am against the invasion but I am also against western biased coverage that turns back on ukraine war crimes.
#UkraineRussiaWar 
#poundcrash"
1575809946251239424,doc_933,"Russian strike kills 25 as Kremlin to annex Ukraine regions 
#Russian #UkraineRussiaWar 
https://t.co/bmuiM5TJGd"
1575808674068824064,doc_944,"As Putin celebrates the biggest annexation in Europe since Hitler with a pop concertâ€¦#Ukraine steadily surrounds his forces in #Lyman .

 #Putler #SlavaUkraini #UkraineRussiaWar #UkraineWar #UkrainianArmy #PutinIsaWarCriminal 

https://t.co/f9sWrQmLxg"
1575801117036138499,doc_1012,"Will ğŸ‡®ğŸ‡¹Italy Leave the European Union After the Last Elections?
#Italy #Europe #Italia #UkraineRussiaWar"
1575797895709589504,doc_1057,RUSSIA SHOULD NOT EXIST! The biggest mistake of humanity. #russiaisateroriststate #Dnipro #Zaporizhzhia #Mykolaiv #UkraineRussiaWar #GenocideOfUkrainians #Genocide
1575789380068777985,doc_1138,"I can help you by designing highly converting landing pages, websites, forms, email templates, build sales funnels, and set up campaigns and automations.
https://t.co/Oh8Zf6o11d
#LoveinTheAirEP7 #doggy #XRP #NordStream2 #UkraineRussiaWar #UkraineWar #UkrainianArmy #HurricaneIan https://t.co/VHwIiRybN2"
1575787540338339841,doc_1160,"""It's very unlikely it's been done by anybody else than a state.""
-- Swedish energy minister Khashayar Farmanbar
https://t.co/DINMq9L1tl
#fintwit 
#Commodities
#energy #NaturalGas
#UkraineRussiaWar
#economy"
1575783107286151168,doc_1191,"Russian Oligarch Avoids Sanctions Despite Apparent Ties To Nuclear Weapo... https://t.co/8tTRFAqann 

#Ukrainian #UkraineWillWin #UkraineWar #UkraineWarNews #Kyiv #Kherson #iziummassacre #Izium #Izyum #UkraineRussiaWar #UkrainianGenocide"
1575767554119053313,doc_1254,Total combat losses of the #RussianArmy against the #UkrainianArmy in #UkraineRussiaWar within last 24 hours. #Ukrainian #Ukraineï¸ #Russian #RussianWarCrimes #RussiaIsANaziState #Russia  #UkraineWar #Russians #RussianMobilization #russiaisateroriststate https://t.co/fJVVmEJan1
1575766081092083712,doc_1259,"American tech platforms already have shown that they work in sync with American state's policies. Can we be sure that they are not using these powerful platforms as a tool for information warfare &amp; propaganda? 

5/
@Europarl_EN
@EU_Commission
#UkraineRussiaWar
#UkraineWar
#Russia"
1575763697808867328,doc_1266,"Forze Armate.  

    #Ukraineï¸ #UkraineRussiaWar #war #Italy #italiani #PeaceInUkraine https://t.co/QKZ4Q329M8"
1575761181674856448,doc_1282,"Instead of finding permanent resolution of conflicts with #Russia, your neighbour, #Europe chose to serve USA's interests who is far away from most potential warzones, it exhibits lack of visionary leadership in EU

2/

@Europarl_EN
@EU_Commission

#UkraineRussiaWar
#UkraineWar"
1575754823919874048,doc_1331,"Trump is not tactful or insightful. Both are needed for diplomacy. Other aspects would include decency, he doesn't have it. He's got a big mouth that could escalate the #UkraineRussiaWar drastically. Let the diplomats handle it Nicolas. https://t.co/fWBUmqKpe3"
1575748277709914113,doc_1364,"@WasjaWojasja @Lucian_Kim Sounds like his point is that he's a Russian sympathizer and doesn't want partisans to visit him for a midnight coffee. 
All #Russian sympathizers should receive midnight partisan coffee.
#UkraineRussiaWar"
1575742615701852161,doc_1390,"ğŸ‡·ğŸ‡ºğŸ‡ºğŸ‡¸Explosions on the ""Northern Stream gas pipelines to Europe"" are beneficial to the United States. (1/2)

#Russian #UkraineRussiaWar #Ukraine #Nordstream #Sabotage"
1575739450902032387,doc_1397,Bull No. #8525 enters the stage - the Rainbow Mr. Smiling Nosering Bull Steel...who gets it first? https://t.co/kk8OKkKjbi via @opensea #NFT #nftart #NFTCommunity #UkraineRussiaWar #StopWar #HelpUkraine #numsout #RedBull #JOKER  #Bulls #KingCharles #rainbow
1575708166800969728,doc_1458,"I have beans, corned beef, tea, sugar and powdered milk. Iâ€™m going to settle down and watch the dumpster fire that is western civilisation play out to its final end #NATO #britain #russia #UkraineRussiaWar #germany"
1575705783597207552,doc_1464,"A major developmentin the war in Ukraine
 
#RussiaUkraineWar #WarInEurope #ĞšĞ¸ĞµĞ² #ĞšĞ¸Ñ—Ğ² #Kyiv #Ukraine #ukrainerussiawar #UkraineWar #Russia #VolodymyrZelenskyy #Ğ£ĞºÑ€Ğ°Ğ¸Ğ½Ğ° #Ğ£ĞºÑ€Ğ°Ñ—Ğ½Ğ°
https://t.co/A6TclJsiNm"
1575705291790090240,doc_1466,"âš¡The head of the Nikolaev OVA, Vitaly Kim, published a video of the consequences of a night strike by #Russian terrorists on the city.

#RussiaIsATerroristState #Ukraine #UkraineWillWin #UkrainianArmy #Ukrainian #UkraineRussiaWar #UkraineRussianWar #Ukrainians #Ukraineï¸war https://t.co/gMqzRN0u5X"
1575704782412476416,doc_1468,"#Digital #Currency is death of your #freedom 
#GreatReset #NWO #NWOAgenda2030 #DigitalID #cashlesssociety #CovidWasTheBeginning #vaccine #VaccineDeaths #HungerGames #UkraineRussiaWar #NordStream2
#KlausSchwab #BillGatesBioTerrorist #HabeckRuecktritt https://t.co/lvOwOmD20X"
1575703291706867712,doc_1474,"@HannaLiubakova Set em up &amp; knock em down, we will give them the option to run... ğŸ¤˜ğŸ¤ªğŸ‘

#cobracommander #ghost #arbco #arbcotv #arbcoindustriesworldwide  #freedom #UkraineRussiaWar #ukraine #war #specialforces #operator #fuckputin &amp; #Russia #army https://t.co/vc88g4bX8f"
1575695740059279361,doc_1495,"@AbhiuditKoushal @RijulJK NATO must back off as per the Minsk agreements

You canâ€™t fool everyone all the time

Besides Ukraine is not a democracy either so stop bullshitting once again

#UkraineRussiaWar"
1575692522247987201,doc_1504,"Russian bullying and threats: Russiaâ€™s ambassador to US warns against potential #nuclear conflict 

#Ukraine-#UkraineRussianWar -#UkraineWar -#UkraineRussiaWar-#Russian  
https://t.co/Nk25QfGbME"
1575679446991794176,doc_1558,"This is the criminal states' MO.
#PutinWarCriminal #Russians #UkraineRussiaWar https://t.co/FBSA7Q42aa"
1575672021027266560,doc_1589,"ğŸ‡·ğŸ‡ºğŸ‡ºğŸ‡¦Ukrainian soldiers are being thrown into the air by a direct hit of Russian missile

#UkrainianArmy #Ukraine #UkraineRussiaWar #UkraineWar #RussianArmy #Russia #RussianUkrainianWar https://t.co/aUqRCDMIg7"
1575668014644502528,doc_1601,"ğŸ‡·ğŸ‡ºRussian Airborne troops destroyed a Ukrainian BMP.

-We destroyed one! Haha!

#KhersonCounteroffensive #UkrainianArmy #UkraineWar #UkraineRussiaWar #Ukraine #Russia #RussianArmy https://t.co/Eql5tUCrWl"
1575664318934237185,doc_1619,"PUTIN â€˜MYSTERY LIMPâ€™: IS RUSSIAâ€™S PRESIDENT REALLY DYING? | PUTINâ€™S HEALTH ANALYSED 
Is Vladimir Putin sick?
#Russia #Ukraine #Putin #Russian #Russie #Ukrainian #UkraineRussiaWar #Russland #Kharkiv #Zelensky #UkraineWar #Kherson #RussianMobilization #USA
https://t.co/1tdn8DhPX8"
1575662243991420934,doc_1632,@RpsAgainstTrump @POTUS Heâ€™s given more to #UkraineRussiaWar than our own freaking country. #BidenIsADisgrace #BidenDestroysAmerica
1575625073628975104,doc_1847,"If #Russia uses nuclear weapons, then the only reasonable response by the international community is regime change and the de-nuclearization of Russia. #NuclearWeapons #UkraineRussiaWar #Ukraine #EU #UnitedNations #NATO"
1575624516134637568,doc_1853,#UkraineRussiaWar Rusland https://t.co/r109lBSF30
1575622892175302657,doc_1863,"Biden is a liar with his promises to Europe because they will not be able to do without Russian gas

#WorldHeartDay #Ù…Ù‡Ø±Ø¬Ø§Ù†_Ø§Ù„ØºÙ†Ø§Ø¡_Ø¨Ø§Ù„ÙØµØ­ÙŠ #UkraineRussiaWar https://t.co/ypO7EjYI3O"
1575609919411130368,doc_1931,Whatâ€™s happening in iran; A thread#news #NewsUpdates #NewProfilePic #Hijab #Poshmark #UkraineRussiaWar #Metaverseâ€¦ https://t.co/FSz1ibRyYy
1575605856837652480,doc_1952,"posting for posterity 

Bolshevik Russia blamed Germany for a War crime that Russia did 

#Ukrainian #UkraineWillWin #UkraineWar #UkraineWarNews #Kyiv #Kherson #iziummassacre #Izium #Izyum #UkraineRussiaWar #UkrainianGenocide https://t.co/I5imk04ccJ"
1575604333797859329,doc_1959,"So #NordStream2 was sabotaged, what if #Russia decides to cut the Transatlantic cables now, then what?
#Biden #USA #Trump #COVID19 #Ukraine #UkraineRussiaWar #NordStreamSabotage"
1575596827512311808,doc_1986,#Sweden tightens #nuclearsecurity after attacks on Nord Stream gas https://t.co/ZvTaUQoANP #Gaspipeline #Oilandgas #Russiangas #sabotage #UkraineRussiaWar #pipeline #Balticpipe #NordStream2 #Nordstream #Nordstream1 #NordStreamSabotage #NordstreamLeaks #Europe #EUR #explosions
1575596189176586241,doc_1989,#NATO Formally Blames #Sabotage for #NordStreamPipelineDamage https://t.co/y5fHdsEjhJ #Gaspipeline #LNG #Oilandgas #Russiangas #UkraineRussiaWar #pipeline #Balticpipe #NordStream2 #Nordstream #Nordstream1 #NordStreamSabotage #NordstreamLeaks #Europe #EUR #explosions #EnergyCrisis
1575587728913465344,doc_2029,"âš¡ï¸ Heavy explosions in Nikopol.
#StandWithUkraineï¸ #UkraineRussiaWar"
1575584324723740674,doc_2039,"Russian Ka-52 strikes at Ukrainian positions.

Ukrainian soldiers complain that they have no arms to shoot it down. 

#Ukraine #Ukrainewar #UkraineRussiaWar #Ka52 https://t.co/l1YgY1Tq40"
1575579616689139712,doc_2051,"Russia is set to claim annexation of occupied territories in Ukraine. #UkraineRussiaWar #UkraineWar #annexation #Russia #Ukraine #NATO
https://t.co/DrChSVClJ4"
1575561543277842432,doc_2108,â€˜It's a land grabâ€™: U.S. scrambles to respond ahead of Putin's annexation claim - POLITICO https://t.co/x8X6D9ZMPK #Ukraine  #UkraineRussiaWar #UkraineUnderAttack #UkraineWarNews
1575555768077717504,doc_2127,"Ewch i fuck eich hun, Putin!
(Welsh)

#StandWithUkraine #PutinsWar #UkraineUnderAttack #UkraineRussiaWar"
1575548518906810368,doc_2154,"Be Brave like Ukraine in supporting Ukraine! 
Ukraine Will Win! ğŸ’™ğŸ’›
@UkrCongComAm 
#Ukraineï¸ #ukrainewar  #UkraineRussiaWar #StandWithUkraine #USA  #UkraineWillWin https://t.co/ZwEGg25tWa"
1575547880768577537,doc_2160,"Today #Russians attacked city of #Dnepr with X22 missiles (1000kg warhead, very inaccurate). As usual the rockets hit residential buildings...

Here is how locals describe it (translated into English):

1/2

#Ukraineï¸ #UkraineRussianWar #UkraineRussiaWar #RussiaIsATerroristState https://t.co/OCIlFRI4Yh"
1575536571243184133,doc_2204,"#UkraineRussiaWar #Ukraine #Russia

ğŸ“Russia is on the verge of a second major defeat in Ukraine after #Kharkiv

AFU have almost surrounded the city of #Lyman in the #DonetskOblast and in the near future they can take a large group of Russian troops into the ""cauldron"" - ISW https://t.co/hDtvjt9iN5"
1575533190600613888,doc_2214,"New Ukrainian POWs taken prisoner in the Zaporizhye direction.

#Ukraine #Ukrainewar #UkraineRussiaWar #Zaporozhye https://t.co/mN6uohHpVv"
1575524817431838720,doc_2256,"I wouldnâ€™t be surprised if i see this as a headline in #western  propagandists media.
#UkraineRussiaWar #NordStream2 #Nordstream #EnergyCrisis #EU https://t.co/MWL5QwK1xF"
1575522216955060224,doc_2274,"ğŸ‡·ğŸ‡º Fighters from #Dagestan dance  at the airfield before being sent to combat coordination.
#Russia #Ukraine #UkraineRussiaWar #Kyiv #Moscow #Donbass #Kherson #zaporijia https://t.co/Kq8fPUh7LQ"
1575520192460996612,doc_2284,Two Russian Su-25 aircraft shot down in Mykolaiv region https://t.co/OgCSgz6nj2 #Ukraine  #UkraineRussiaWar #UkraineUnderAttack #UkraineWarNews
1575517885661061120,doc_2290,"#UkraineWar #Ukraine #Russia #ukrainerussiawar #Putin #SanktionengegendieUSA #MAGA #ä¿„ç½—æ–¯ #ä¹Œå…‹å…° #ä¸­åœ‹

This is just bizarre racism and discrimination from the Ukranians. How unsurprising. https://t.co/GkMEQSXbyf"
1575502830563393536,doc_2351,"Welcome nails babyTrinhğŸ’…No.38 Ngo Duc Ke, Ward 12, Binh Thanh District, Ho Chi Minh City ğŸ‰Get Trainee TrainingğŸ‰#à¹€à¸¥à¸¢à¹Œà¸ˆà¸±à¸šà¸„à¸¹à¹ˆà¸Ÿà¸´à¸™à¸à¸´à¸™à¸„à¸¹à¹ˆà¹‚à¸­à¸¡à¸™à¸™à¸™ #Ù…Ù†Ø®ÙØµ_Ø§Ù„Ù…ÙˆÙ†Ø³ÙˆÙ† #à¸à¹‰à¸­à¸¢à¸™à¸±à¸•à¸•à¸µà¹‰à¸”à¸£à¸µà¸¡xà¸‹à¸µà¸™à¸¸à¸™à¸´à¸§ #JAYBÂ Â Â Â Â Â Â Â  #nails #nailedit #nails2022 #NAIL #Vietnamese #dubai #Ù…ÙˆØ¶ÙŠ_Ø§Ù„Ø´Ù…Ø±Ø§Ù†ÙŠ #UkraineRussiaWar https://t.co/RDwrwo8wF8"
1575487881900019713,doc_2388,"#Ukraine has freed four marines and two civilians from captivity, the head of @APUkraine Yermak said.

Photo: Telegram / Andrii Yermak

#Ukraine 
#UkraineRussiaWar https://t.co/BGFRp7r9wW"
1575486911363194883,doc_2395,"The Ukrainian army seizes a Russian military vehicle 

#Ukraine-#UkraineRussianWar -#UkraineWar -#UkraineRussiaWar-#Russian https://t.co/OtzI0bz7gm"
1575474589118906368,doc_2467,"@paulmasonnews Ukrainian Armed Forces shall liberate all occupied Ukrainian Lands.
Then 14 Million Ukrainian Refugees shall want to return home.
#RussiainvadesUkraine
#UkraineRussiaWar"
1575471340391391232,doc_2478,"ğŸ•¯ï¸A vehicle of company staff of 130th Territorial Defense Battalion hit a mine in a recently liberated area of #Kharkiv Oblast. The accident resulted in three Ukrainian casualties.
- Lt. Col. Ihor Bezohlyuk, company commander
- Andriy Zakharchuk
- Roman Khmel
#UkraineRussiaWar https://t.co/XzkFl4WqfJ"
1575462691640168449,doc_2537,"New EU Sanctions Against Russia to Target Over 1,300 People and Entities - Kyiv Post - Ukraine's Global Voice https://t.co/GeWszcFyBa #Ukraine  #UkraineRussiaWar #UkraineUnderAttack #UkraineWarNews"
1575462325515165697,doc_2542,"ğŸ˜¡ WOMAN WITH A SMALL BABY WAS CAPTURED BY POLICE  as a result of her protest against #MobilizationInRussia 

#StopRussiaNOW #UkraineRussiaWar #StandWithUkraine #SupportUkraine #StopPutin #StopRussia #RussiaInvadedUkraine #RussiaIsATerroristState #russia #Russians #mobilization https://t.co/ie00ZRsJOM"
1575457821210066944,doc_2582,"#Russia #Ukraine 
The Inside Story Of Ukraine Kharkiv Counteroffensive
Ukraine #NATO Video Archive

#Putin #Russian #Europe #RussianArmy #Russians #Ukrainian #UkraineRussiaWar #Russland #Kharkiv #Zelensky #UkraineWar #Kherson #RussianMobilization #USA  
https://t.co/RIo20dUGHt"
1575457409111310340,doc_2599,"#Russia #Ukraine 
Dramatic Moment: Ukraine Counteroffensive Forces Russian Troops to Flee

Russian-Ukraine #NATO Video Archive
#Putin #Russian #Russie #Ukrainian #UkraineRussiaWar #Russland #Kharkiv #Zelensky #UkraineWar #Kherson #RussianMobilization #USA
https://t.co/WEnWHJfE5U"
1575457220166311938,doc_2603,"Friendly fire of Russian air defense on their soldiers. More so shoot at your own. Ukrainians will have less work ğŸ˜
#Ukraine #UkraineRussiaWar #UkraineWar #RussiaIsATerroristState #Nordstream #mobilisation #Ğ’Ğ¡Ğ£ #Ğ—Ğ¡Ğ£ #Ğ’Ğ¡_Ğ Ğ¤ #APU #Ğ¼Ğ¾Ğ±Ğ¸Ğ»Ğ¸Ğ·Ğ°Ñ†Ğ¸Ñ https://t.co/DvQm7prQwH"
1575453238110863366,doc_2624,#Russian officials may try to justify their occupation of annexed #Ukrainian territory as a â€œcounterterrorism operation.â€ ~The Institute for the Study of War #counterterrorism #annexation #UkraineRussiaWar #UkraineWar
1575437386426769408,doc_2693,"Thread

#Ukraine  #UkraineRussiaWar #UkraineUnderAttack #UkraineWarNews https://t.co/5ZMH6ScECW"
1575424614443909120,doc_2732,"Warning: Graphic Content
Ukrainian #Drone Kills Russian Soldier
#Ukraine-#UkraineRussianWar -#UkraineWar -#UkraineRussiaWar-#Russian https://t.co/6Zi2sTfmze"
1575423032495153153,doc_2737,#UkraineRussiaWar #satellite #ICEYE #SupportUkraine #StandWithUkraine ICEYE satellite imagery yields first results on battlefield - Ukraineâ€™s Defense Minister https://t.co/H7pZatWH4z
1575418508355190784,doc_2747,"Local RUS-appointed officials in Nova Kakhovka report: ""As a result of the night shelling by the AFU, residents of Kakhovka and Novaya Kakhovka were left without gas."" 

#UkraineRussiaWar 
#OSINT
#Fellas #NAFO"
1575418025070759936,doc_2748,"russians attacked the Dnipro city this morning. It is already known about 3 dead, among them 1 child. 
5 people are injured, including a 12-year-old girl.
More than 60 buildings were damaged. 

ğŸ“¸ Valentyn Reznichenko, Head of RSA. 
#RussiaisATerroistState #UkraineRussiaWar https://t.co/pj45zHFSu7"
1575415143382614017,doc_2757,"The Ukrainian army destroyed one Russian missile unit
#Ukraine-#UkraineRussianWar -#UkraineWar -#UkraineRussiaWar-#Russian https://t.co/DVcqCXsun0"
1575405656772935681,doc_2783,"#UKRAINERUSSIAWAR. Zelensky orders Liman's capture at any cost
#agcnews #ukraine #russia #war #referendum #annexion https://t.co/wFU2bNfUR6"
1575376834501427202,doc_2862,"29/9
ğŸ‡ºğŸ‡¦âš¡ï¸ğŸ‡·ğŸ‡º
Hunting since the morning ğŸ¤«

#Ukraine #Ukrainian #UkraineKrieg #UkraineWar #UkraineRussiaWar #stopPutin #UkraineCounterOffensive #Donbass #Kherson #NATO #Europe #USA https://t.co/4evOgiZ14E"
1575370250563899392,doc_2904,#Russia staged so-called referendums in Ukraine. Hereâ€™s what could come next. https://t.co/EyVbWeV8xA #russiareferendum #ukraine #ukrainerussiawar
1575367701652017157,doc_2918,#UkraineRussiaWar #UkraineHeroes #Zaporizhzhia #UkraineWillWin #GloryToUkraine Ukraine Army destroys three enemy S-300 missile systems in Zaporizhzhia direction https://t.co/48Uu7LOx11
1575366272858079233,doc_2923,"Go fuck yourself, Putin!
(English)

#RussiaInvadedUkraine #UkraineRussiaWar #StopRussianAggression #RussianWarCrimes"
1575361522129571840,doc_2947,"Footage of the liberation of Kupiansk-Uzlovy and the emotions of local residents.

#RussiaInvadedUkraine #RussianUkrainewar #RussiaUkraineWar #Russia #UkraineRussianWar #UkraineRussiaWar #UkraineWar #UkrainianArmy #Ukraine #Kherson #Donbass #odessa #Kyiv #Kharkiv #NATO #USA https://t.co/FVMX73myDS"
1575358826936778752,doc_2958,"The downed US-made AGM-88 HARM anti-radar missile in Donetsk.

#Ukraine #Ukrainewar #UkraineRussiaWar https://t.co/EMK2A1nqpV"
1575347386490114048,doc_2995,"Ukraine and Russia: What you need to know right now https://t.co/gOKk73cbXG
#UkraineRussiaWar #RussianMobilization #RussiaUkraineConflict"
1575320030736261121,doc_3077,"Breaking: South Africa's #Eskom is on a critical electricity loadshedding mode &amp; President #Ramaphosa has accepted ""bribery money"" to supply #Germany &amp; #France with our coal. 
#SouthAfrica #UkraineRussiaWar #coal #EuropeanUnion #NordStream2 #USA #Nordstream1 #Russia #INDvsSA"
1575308914077335557,doc_3106,"Deadliest countries for journalists.
This @StatistaCharts chart shows the countries where the highest number of journalists/media assistants were killed in 2022 to-date. @rcfp @ICFJ #reporters @reporters_co @ARIJNetwork @ICIJorg @pressfreedom #Ukraineï¸ #Russia #UkraineRussiaWar https://t.co/5bDf5tfN99"
1575305092089188354,doc_3119,"Ukraine needs all of these type Support Vehicles they can get.
#Ukraine #UkraineWar #UkrainianArmy #UkraineRussiaWar #UkraineWillWin #Russia #Russian #RussianArmy https://t.co/0mKxjDuacB"
1575296145701720065,doc_3149,"More ğŸ‡ºğŸ‡¦fun and frivolity with ğŸ‡ºğŸ‡¸#HIMARS

#RussiaIsLosing  #NAFO #Fellas
#UkraineRussiaWar #Anonymous #FckPutin #StandWithUkraine #PutinIsaWarCriminal 
#RussianArmy #RussianInvasion #UkraineUnderAttaÑk 
#Ğ Ğ¾ÑÑĞ¸ÑĞ¡Ğ¼Ğ¾Ñ‚Ñ€Ğ¸ #RussiaIsATerroristState #CancelRussia https://t.co/alwfGJ9Krl"
1575287585739444224,doc_3176,"Having some fun in sharp contrast to anything shown out of Russia.
Memes abound in the comments.
#Ukraine #UkraineWar #UkrainianArmy #UkraineRussiaWar #UkraineWillWin #Russia #Russian #RussianArmy https://t.co/oY4PhtFoTi"
1575284752650731523,doc_3180,"Toddlin town ğŸ‡ºğŸ‡¦

#RussiaIsLosing  #NAFO #Fellas
#UkraineRussiaWar #Anonymous #FckPutin #StandWithUkraine #PutinIsaWarCriminal 
#RussianArmy #RussianInvasion #UkraineUnderAttaÑk 
#Ğ Ğ¾ÑÑĞ¸ÑĞ¡Ğ¼Ğ¾Ñ‚Ñ€Ğ¸ #RussiaIsATerroristState #CancelRussia https://t.co/uWhvmeATt9 https://t.co/XzE399nefO"
1575282798998454272,doc_3183,"#UkraineRussiaWar #Ukraine #Russia

ğŸ“#Kucherivka have been liberated
https://t.co/HgSvKirVI5 https://t.co/UhV1y28iyk"
1575275194314260480,doc_3198,#Russians who fled #Putin's #mobilization speak out #Ukraine #UkraineWar #UkraineRussiaWar #UkraineWillWin #PutinWarCriminal #PutinsWar #RussianArmy #RussianMobilization #Russian #RussianMobilization #russianlosses #RussiaIsANaziState #russiaislosing  https://t.co/met8A65F0m
1575274171499745280,doc_3204,"After week one. #Putin's goal of forcing 300,000 Russians to fight for him is now reduced by 33%. Two more weeks of this and he will have no one available to fight for himğŸ˜€ğŸ˜‚ #UkraineRussiawar  https://t.co/67OlVuZYO8"
1575254950376275968,doc_3276,NEW: #ukraine believes #Belarus may try another #offensive in support of #Russia #UkraineRussiaWar
1575245842918871060,doc_3318,"''Old cherry garden near the house
And beetles buzzing in green leaves,
The plowers carrying their plows,
And mothers cooking supper meals.''

Grandfather Taras Shevchenko.

#SaveUkraine #UkraineRussiaWar #war #WarIsNotFunny #Taras #RussiaIsATerroristState #StopRussia #Ukraineï¸"
1575244149388808192,doc_3333,"#Russia ğŸ‡·ğŸ‡º / #Ukraine ğŸ‡ºğŸ‡¦

â€¼ï¸Explosions reported also in Zaporizhzhia

#UkraineRussiaWar 
#UkraineRussianWar 
#RussianUkrainianWar"
1575228605088468992,doc_3438,"US State Department: The claim that Washington is behind the Nord Stream incident is unreasonable and part of the Russian disinformation.

#UkraineRussiaWar"
1575220890224033792,doc_3456,"ğŸ‡¹ğŸ‡·Turkish Stars made a Airshow the Belgium skies

#ukraine #russia #ukrainewar #ukrainenews #ukrainerussiawar #russianwar #ukrainearmy #russiaarmy #todaynews #news https://t.co/o7JjtuPVS6"
1575220472928940032,doc_3457,"The report of the General Staff of the Armed Forces of Ukraine on the losses inflicted on the Armed Forces of the Russian Federation (September 28, 2022, 18:00 LT, Z+3).

#Ukraine #Ukrainewar #UkraineRussiaWar https://t.co/KCPTElznwB"
1575217265771188224,doc_3470,"With the exuberance and after the ""yes"" vote in the annexation referendums by #Russia, the die is cast. Four regions of #Ukraine under russia total or partial control... what will happen ?
#UkraineRussiaWar 
#G7 
#NATO
#USA https://t.co/c2mcy7CpjC"
1575215222691794944,doc_3480,"Russian Tank Crew Abandoning Their Vehicle While Receiving Multiple AT-4... https://t.co/MdGGlYG0mf via @YouTube 
#UkraineRussiaWar"
1575210648212217856,doc_3510,"Until recently, #Russians have been enjoying the â€œSquid Game"" series on @netflix
After #russiaâ€™s full-scale invasion of #Ukraine, Netflix left the russian market, but ""Squid Game"" remains. #Russian #UkraineWar #russiaisateroriststate #UkraineRussiaWar https://t.co/r4aaf6L0rK"
1575201957543018496,doc_3586,@SkyNews BS the Nordstream gas pipelines where INTENTIONAL destroyed FACT seismic sensors detected explosions #NordStreamSabotage #nordstream1 #nordstream2 plus biden mentioned he would take out #nordstream pipeline if #Russia invaded #UkraineRussiaWar in a speech!
1575201526326272000,doc_3589,"#Biden stepping on break?

""funding is for contracts for weapons and equipment, it's aimed at helping #Ukraine secure its longer-term defense needs. It could TAKE YEAR OR TWO for Ukraine to get the systems""

#UkraineRussiaWar
#ukrainewar

https://t.co/fgug5M6p97"
1575199032930365440,doc_3602,"#Russia ğŸ‡·ğŸ‡º / #Ukraine ğŸ‡ºğŸ‡¦

ğŸ”´ ""Putin may announce by the end of the year that the ""special military operation"" is ending, and Russia will protect only controlled territories""
- Turkish newspaper dikGAZETE

#RussianUkrainianWar 
#UkraineRussiaWar
#UkraineWar"
1575196507770593282,doc_3622,"Another 2 abandoned T-80BV tanks were found in #Kharkiv Oblast! But it was a ""scheduled exit without equipment"" ğŸ¤£ğŸ¤£ğŸ¤£

 #RussiaUkraineWar #Russia #UkraineRussianWar #UkraineRussiaWar #UkraineWar #UkrainianArmy #Ukraine #Kherson #Donbass #odessa #Kyiv #Kharkiv #NATO #USA https://t.co/rzR3UM16Xn"
1575194371745812480,doc_3639,"How are those #ReparationsNow working out for you?

#UkraineRussiaWar https://t.co/ayAs4TULGl"
1575192818900795392,doc_3656,"Isn't it nice to know her priorities? The public hasn't seen her in days. I mean the British people her people?
But yes lets have phone calls with Zelenskyy?

I said she will sell Britain out and she did!

#TrussOut #UkraineRussiaWar https://t.co/hXbgRbnM4F"
1575189678181216256,doc_3687,"Ukrainian Air Force ğŸ˜
#Russians #Russia #Ukraine #Ukrainian #UkraineWar #UkraineRussiaWar #RussiaIsATerroristState https://t.co/42qViJ52GK"
1575188324842876928,doc_3704,"@PKythreotis She's biased, embarrassing and unfair. #UkraineRussiaWar"
1575186506574331904,doc_3716,"Excitingly,Draganfly's has an impressive global reach. 

One of it's global client will make a drone order that will see the share price soaring.
$DPRO #Draganfly 
#UkraineRussiaWar #TrudeauResign  RCMP https://t.co/fjYGIUZ4aQ"
1575186108207763456,doc_3718,"ğŸ¤”Umm, whole world is criticizing Russia for their Mobilization Orders, &amp; this video shows Ukrainian Army allegedly pulling Kids from colleges to go to the front line and fight. It's happening both sides of BorderğŸ¤¦
#mobilization #UkraineRussiaWar #UkrainianArmy #Warzone #crime https://t.co/3ZpxxfGxK7"
1575185820989784065,doc_3723,"Dinner is served, Mr. Crow!

Our Ukraine military make sure no man, animal or bird go hungry.
#UkraineRussiaWar https://t.co/fn8HCqoSiz"
1575185142775427072,doc_3731,@TimRunsHisMouth Biden and his handlers have always wanted war. The destruction of America allows them to build back in their image. These are communists to the core and what they are doing is straight from the playbook. It started in the 50s-60s. They are here.  #UkraineRussiaWar #marxism
1575183493881266176,doc_3747,"The MAGA Right and the ""Revolutionary Left"" have a  joint project to fully rehabilitate Neville Chamberlain.

#UkraineRussiaWar"
1575180631268433920,doc_3778,"#Ukrainian #students studying at foreign universities are detained when trying to pass through checkpoints in the #Lviv region (#Polish border).
Students cannot travel abroad, although legally they have such a right.
They need to serve in #UkraineRussiaWar

#UkraineWarNews https://t.co/QjDrskNI64"
1575177640067010560,doc_3814,"me at any given time of the day
ğŸ“¸ by meshpuff.
#HurricanIan #Ø§Ù„Ø¯ÙˆÙ„Ø§Ø± #Ø§Ù„Ø¹Ø±Ø§Ù‚ #Ù„Ø¨Ù†Ø§Ù† #UkraineRussiaWar #MahsaAmani #IranProtests2022 #Qatar2022 #Ø§Ù„Ø¨Ø±Ø§Ø²ÙŠÙ„ #T20WorldCup #USA #uk #ItalianGP #Pakistan #tokyomewmew #Ù…Ø¬Ù„Ø³_Ø§Ù„ÙˆØ²Ø±Ø§Ø¡ #Ù…Ø³Ø§Ø¡_Ø§Ù„Ø®ÙŠØ± etc https://t.co/MyS9PRFr3P"
1575175234654990336,doc_3841,Itâ€™s mainly being laundered. God knows itâ€™s true. #UkraineRussiaWar #Ukraineï¸ #CORRUPTION #moneylaundering https://t.co/iUoYpOhIB9
1575169420661760000,doc_3878,"@LeilaniDowding @BorisJohnson's. First visit to #UkraineRussiaWar was to make sure Zelensky did not accept Putin's peace proposal.
They need war any war, just keep it going.
@conservatives 
@trussliz 
@BWallaceMP 
@HouseofCommons 
@UKHouseofLords 
@DesmondSwayne 
@reallySirChope 
@SirGrahamBrady"
1575164165047451658,doc_3908,"If, like me, there is a 13 yr old gamer inside you, then you will enjoy this redo video. #UkraineRussiaWar https://t.co/fzCrBLQnEa"
